ID,BlendProperty1,BlendProperty2,BlendProperty3,BlendProperty4,BlendProperty5,BlendProperty6,BlendProperty7,BlendProperty8,BlendProperty9,BlendProperty10
1,0.15059844,0.25446087,0.7153537,0.5811044,0.35226852,0.7146907,0.6978229,0.34685117,-0.33343044,0.32230675
2,-0.8226185,-0.58957577,-1.1842773,0.046270162,-0.7283489,-0.107661605,-1.1806681,-1.0409089,-0.7990706,-0.003970222
3,1.7527138,1.1307787,1.0893468,1.0506619,2.4291332,1.8502188,1.0661299,2.0539808,0.6555935,2.214023
4,-0.4785676,0.289373,0.89509225,-0.7366154,1.898479,-0.46641695,0.8724212,1.7368777,0.8678257,-0.9623168
5,0.14954317,-1.173441,1.156861,0.45299497,2.3677516,0.2218583,1.0646067,-0.06533599,-0.52453077,1.0456743
6,-1.5018462,-1.6986902,0.44553456,-1.4568262,0.005626564,-1.621574,0.42828277,0.13942152,-0.8902073,0.08711017
7,1.1376978,0.56756294,-0.12849289,-0.0069314186,-0.10926149,0.5521527,-0.13317595,0.20367716,1.3497739,0.25490707
8,2.1260648,1.2692752,0.7983293,1.4226619,-1.515229,1.4875302,0.78957325,0.9508548,1.7828512,0.5290669
9,1.4127622,1.1399105,1.2102685,1.8025894,-0.55091226,0.97111756,1.1779408,0.3236553,1.0258613,1.0694721
10,-0.9442632,-0.8090526,-2.403273,-0.60271585,-1.1995554,-0.6361352,-2.3480814,0.3651827,-0.6582849,-1.2071809
11,0.059119586,0.50754297,0.7794455,0.43802258,1.6806513,-0.232004,0.7737415,-0.059659265,-0.90936756,1.0208093
12,1.8609297,0.9325498,0.8268335,-0.3548652,1.1336021,0.5607672,0.7866929,1.1238735,-0.20072034,1.0773499
13,0.51101744,-0.5977807,0.82469547,0.04218187,-1.3728119,2.58154,0.79188895,0.69638515,1.4019976,1.864732
14,-0.25070885,0.89408714,0.59486985,-0.8889803,2.764594,-0.44302225,0.56960446,0.10359957,-0.97535783,-0.3369586
15,0.51696205,2.0210907,0.57445216,1.5886056,-0.20871098,0.16150075,0.5779166,0.84768593,0.5489279,-0.41706032
16,-0.073541895,-0.78927636,1.1152948,-0.75689435,0.571948,-1.1330488,1.0674709,-0.09174964,-1.8257934,-0.03982538
17,-1.5124998,-1.4931546,-0.14750794,-1.6069384,-0.7932124,-0.12545082,-0.18736142,-0.93562734,-0.45622927,-1.4177463
18,-0.2709817,-0.49818897,0.3430885,-0.73201597,-0.048884608,-0.19826332,0.33479315,0.9087322,-0.39427698,-1.0226946
19,0.1739018,-0.41267866,0.81034267,-0.70763624,1.607268,-1.014207,0.73943174,1.5557559,-1.3407611,1.6127573
20,-0.8323292,-1.6376349,0.42191,-1.4190205,-0.7756579,-0.84554756,0.4202621,-0.08418476,-1.3350469,-1.8505223
21,0.17479737,-2.1483588,0.1877664,-0.9362754,1.812667,-1.9498165,0.16056839,0.97910607,-0.9911961,0.54296184
22,0.33865452,0.97387195,0.020501973,1.5910066,1.3740455,1.8931193,0.04028613,0.7562066,0.6946521,1.6451108
23,0.9832375,1.6048682,1.1988256,0.7960617,1.5437751,0.28748387,1.214062,0.8841708,0.036532603,1.3967437
24,0.108094946,0.6785369,0.52918005,0.37785584,-0.9965155,0.24442679,0.52642334,-0.6492852,-0.06701074,-0.0459722
25,-1.5058713,-0.9464484,-0.05373331,-0.59864926,-0.55599964,-0.3496943,-0.06593691,-1.1473978,-0.35972577,0.02381467
26,-0.39340436,-0.6110011,0.17792831,-1.051899,-0.31108725,0.24546525,0.15528706,-1.3735806,-0.13132662,-1.7953837
27,0.7835398,0.3025648,-0.6101581,1.6082891,-1.353935,0.37282836,-0.6259827,0.6492467,0.5249294,-1.0525811
28,0.17142446,-0.3303913,-0.5717702,-0.6101738,-1.1592152,-0.37441015,-0.5570692,-1.0378859,0.8068299,0.68986976
29,-0.82531375,-1.5477233,-0.4462766,-0.56382763,-0.43945208,-0.8135656,-0.47485477,-0.98913145,-0.44256994,0.18839815
30,-0.1689784,0.15032442,-0.70396894,-0.83935714,-1.7297986,0.16257262,-0.70975333,-0.86393976,-0.07877046,-1.7643256
31,-1.1903651,-0.39388442,0.14803877,-0.5433545,1.0597345,-0.9134464,0.14052653,-0.10818584,-1.464021,0.3130837
32,-1.3471282,-0.4139232,-0.34338206,-1.0914419,0.37847576,-1.4929162,-0.34660822,-0.30445933,-0.6450318,0.28400463
33,0.6298343,0.573526,-0.3998692,0.54154634,0.14133832,-0.5662012,-0.39382738,0.04779962,0.55953705,-0.14142966
34,0.6423193,1.0213863,0.09730986,0.050867233,-0.9743064,0.036106296,0.072872266,1.2704066,-0.13609926,-0.6104914
35,-0.7381203,-1.3639454,-0.36228496,-0.9066491,0.1143008,-0.4364336,-0.3387174,-1.2662655,-2.406073,0.21845451
36,1.8241833,0.32253712,0.5053679,0.6456572,0.80250955,0.59806025,0.52233756,1.451777,-0.4181359,0.3600161
37,-0.0025596044,-0.23437548,-0.5461147,-0.046510473,-1.2750012,0.3339635,-0.5566766,-0.1763525,1.767828,-0.25683248
38,0.28819236,0.78367615,0.4836418,1.3566544,0.30909255,0.70639074,0.45791507,-0.07507755,1.1627882,-0.67005384
39,-2.1010695,-1.5087247,0.13580382,-1.4358892,0.2400839,-0.27919915,0.11867358,-1.7401403,-1.0355814,0.08937381
40,0.2598351,0.7628277,0.5442751,-1.3475351,-0.22519621,0.29253292,0.5515484,-0.26159406,1.0256412,-0.4112528
41,1.9177397,1.2813478,1.4258139,1.4251875,2.1737008,2.245833,1.4473743,1.3888047,1.5345745,1.9126763
42,2.1205812,0.6647966,1.3046403,0.73279023,-1.2097096,0.5868718,1.2817312,1.0570166,1.637995,2.2546508
43,-1.738097,-0.42840645,-0.8071352,-1.2934868,-0.5055847,-0.43593362,-0.80475575,-2.1680727,-0.9433303,-1.5472723
44,1.1880946,0.4621929,0.15345919,0.579837,-0.33627895,0.5185716,0.16657987,1.8554447,0.2287587,0.1681281
45,-0.60547066,-0.6663405,-0.2288324,-1.5756439,1.7995373,-1.40324,-0.25551373,-0.08667882,-1.1057067,0.43178627
46,0.7108427,1.030623,0.7612859,0.5095774,0.73052895,0.81420887,0.7306701,0.40704915,0.92971814,-0.97720754
47,-1.4634666,-1.9359984,-0.6853152,-1.2162882,-0.073070854,-2.0721765,-0.65180403,-1.2168388,-2.0316405,-0.41678703
48,-0.14548184,0.26083076,-0.2571711,0.13341102,-0.43934956,-0.59469324,-0.2653306,0.16212407,0.8383108,-0.5617242
49,-0.36593625,-1.0138657,0.3821595,-0.091431655,-0.9104222,-0.5811455,0.3546889,-0.37689966,-1.3913252,-0.055321
50,-1.8825316,-1.5854676,-2.2404106,-0.71491504,-0.56350726,-1.4426136,-2.1896129,-2.1275985,-2.148581,-1.8649355
51,2.467048,1.0063013,1.6408061,0.46694735,2.3127093,-0.95834136,2.1505587,-0.6059915,-0.7688274,1.9151
52,-0.18300581,1.058905,1.6175945,-0.29886758,1.0311148,1.2831012,1.9306335,0.35087183,1.0831385,-0.85128295
53,-0.058071338,-0.094671786,-0.28647172,-1.1148391,0.017022321,-0.6692269,-0.28310916,0.5545287,0.35988003,0.3644917
54,1.5370789,0.5793115,0.15125033,0.48252326,0.6665543,-0.46473897,0.11320749,0.6953488,-1.2359018,2.3919024
55,0.92407763,0.5715208,0.70268947,0.2053155,-0.10468972,1.262867,0.66448647,0.16929995,0.930257,-0.44049162
56,0.69572145,0.14501399,0.65995467,-0.014867224,-0.10411668,0.60305583,0.63139963,1.1927973,-0.017335862,-1.013038
57,-0.072268054,0.32158327,0.26640052,0.24781974,-0.20574126,1.1623871,0.2907104,0.38483712,0.64824337,0.7094009
58,-1.647597,-0.9212139,0.4768207,-0.1904633,1.23281,-0.9047908,0.46982092,-0.47095895,-2.2120607,0.15027364
59,-0.48508197,0.224749,0.27169695,0.68234444,-1.3751671,-0.6842646,0.26451668,-0.45539528,0.1501528,-2.18966
60,-1.0134945,-1.6473943,0.15480605,-1.5513864,1.8545305,-1.0430033,0.19338292,-0.84501,-1.2968895,0.64003384
61,-0.45500445,-0.11199545,-2.0156493,-1.0966036,0.043919038,-0.9090494,-2.0388846,-0.61694145,-0.56650984,-1.1839943
62,-0.09291818,-1.3485421,0.08377584,-0.6753645,-0.9610646,0.95988834,0.09853895,-1.0840552,1.0717871,-0.773198
63,1.5034564,0.42434913,0.5652637,1.7999532,-0.23324285,1.2339147,0.5273086,0.8181524,1.3748857,1.0994768
64,-0.2696463,-0.41635495,0.83964,-0.62123585,1.0137438,-1.7249416,0.80402434,-0.28828618,-1.3592534,-0.24115254
65,-0.42023444,-0.9915018,1.0194821,-1.7308457,0.20293179,1.2782466,0.9081057,0.6570997,0.82661897,-1.1497803
66,0.61442494,-0.3573052,-0.3402217,-0.89510614,0.81700146,0.016300589,-0.3870271,-0.85102963,0.6746125,-0.20874724
67,1.0725329,1.7787005,1.2858107,0.4232835,-0.13934557,1.3803858,1.2764767,1.6795782,0.8395829,0.6502135
68,-0.9759995,-0.9894915,-0.89670587,0.84639955,-1.0501902,-0.9048909,-0.9109145,0.31456414,-1.241977,-0.4232028
69,1.5526019,1.7563751,0.95561075,1.091463,-0.45797545,-0.12472218,0.91750216,1.1997514,-0.10875472,1.6228201
70,0.008323709,-0.15147635,0.37491402,-0.2097011,-0.28669155,-0.86218673,0.35973853,-0.3708391,0.37483603,0.615945
71,-0.29088956,-0.074594244,-0.04957322,-0.44319543,-0.80222774,-0.59366566,-0.039001632,-0.016990343,-0.49312976,0.6995693
72,0.68631864,-0.5359995,0.055486705,0.5493957,0.28658122,1.2001565,0.049666584,0.19814551,0.4891587,-0.93052554
73,0.33831227,0.8230889,1.6380494,-0.45159552,3.3838997,1.6079516,1.9742593,0.5047122,0.12414028,1.6738715
74,1.6786026,0.9848213,1.2630446,1.1498134,1.5777799,0.0725257,1.1970637,0.93398654,0.50789666,2.2013745
75,1.1225369,0.5508666,0.019647464,0.8626658,-0.5500437,0.32965544,0.014652157,0.63012606,0.81857204,0.47898525
76,-1.2157388,-0.43345082,-0.46474653,-0.41876405,-0.28427935,0.17516872,-0.4411567,-0.610225,-0.53033894,-1.1680737
77,-0.58624166,0.35099512,0.7313893,-0.9692082,-1.134237,-0.34306163,0.6982231,-0.47551876,-0.3292788,-0.9892815
78,0.874537,0.9560257,0.88174903,0.3550706,1.0126221,2.1602988,0.86062557,1.8095984,0.63418496,-0.36145002
79,0.9388237,1.0098996,0.4138716,0.9092779,-0.6409474,0.34087557,0.39206767,0.94076884,0.92661214,-0.079665296
80,0.7851222,0.70279264,-0.7777766,0.74890685,-0.710629,0.6084376,-0.7926803,-0.284182,2.1669135,0.5845873
81,-0.06985581,0.82065034,1.085077,0.23520926,-0.45489395,-0.57256144,1.0578389,1.3761432,-0.049507562,1.2537959
82,1.6357595,1.194864,0.941701,-0.3637675,0.3365624,1.3598897,0.9134362,0.15150154,0.55874085,-0.44585022
83,-0.7847539,-0.4646873,0.62652916,-0.74338734,-0.73200256,-0.24369647,0.6262852,-0.09366268,-0.3936106,0.1821048
84,1.0693403,0.54381454,1.2323157,0.6468817,-0.47972155,1.4988403,1.2053638,1.5786495,-0.41196406,0.4852832
85,-0.4262672,-0.37702268,-1.4338171,-1.1024246,0.06509636,-2.1097832,-1.4933056,-1.3676467,-1.0638635,-0.35731256
86,0.778461,-0.7160857,0.81741756,-0.41049704,1.154259,0.098849416,0.8046483,0.40184388,-2.4700089,0.578526
87,-1.0356463,-0.9913357,0.86432636,-1.127903,0.011497335,0.62565094,0.8379747,-0.79689133,-0.50197566,-1.4822656
88,-1.2549024,-0.0055939034,0.26468238,-0.5095569,-1.1150618,-0.80505455,0.26997316,-0.06186995,-0.82730395,-0.71433663
89,-0.29525632,-0.45552793,0.35349053,-0.5752453,-0.4747144,-0.8225405,0.33900416,-1.1004144,-0.8490337,-0.5749277
90,0.31305507,-0.86916447,0.80318856,-1.0995271,2.139324,-0.8446114,0.7820492,0.27816904,-1.5245746,0.9440579
91,-0.5441086,-0.9737291,-0.23915735,-0.5683349,-0.8862349,0.16790044,-0.24707586,-0.20574474,0.8996972,-1.4983547
92,-1.5171328,-0.38262802,0.27910823,-0.8832502,-0.48837328,-0.8096736,0.24937722,-1.1139436,-1.6061304,-0.6484753
93,0.32271594,-1.0187932,1.6264092,0.6685721,0.6353935,0.20315361,1.7049747,0.64107656,0.16902298,0.84925115
94,1.8260678,0.69680434,0.6165267,0.7016585,-1.0234914,0.60468197,0.595292,0.67006147,1.1920595,2.2618308
95,1.2501277,0.6272797,-0.14752105,0.67584604,-0.25801006,1.3716733,-0.1340375,0.8619226,2.4826787,-0.84392667
96,-1.6422229,-1.2141433,-0.07917224,-1.674161,0.79954654,-1.9502447,-0.08571652,-0.391819,-1.7059581,-0.06936156
97,0.5697301,-0.21641758,-0.13813397,0.07210225,-0.17442231,-0.09768335,-0.15700686,-0.13233498,0.4351534,-0.8312399
98,-0.76097095,-0.2504567,0.17619799,-0.94280034,-0.9720628,-1.4804941,0.17729816,-0.45132756,-0.14318031,0.030726723
99,-0.50902414,0.077934064,-1.5051988,-0.28102553,-0.047025897,-1.3944392,-1.6365834,-0.70259386,0.08166603,-0.6752028
100,-0.43897396,-0.5250832,-0.26456115,0.38213837,0.62743026,-0.24694616,-0.26705772,-0.23733535,-0.505635,-0.49540293
101,-1.3899872,-1.5088713,-1.8983085,-0.98418534,0.5085921,-0.861963,-1.8715845,-1.9834031,-1.3627423,-0.54863304
102,-0.8292981,-0.97899926,-0.47336662,-0.62376994,-0.82547575,-0.06738532,-0.44762158,-0.43679345,-0.068216294,0.031790353
103,-2.1987758,-1.6120155,-1.1895888,-1.2795478,-0.8871149,-1.3133008,-1.1359477,-1.4153662,-1.2091652,-1.4496431
104,-1.3319895,-1.2848008,0.9626298,-0.15474296,0.8622284,-0.3330903,0.90911305,-1.0755091,-0.4208947,0.038771264
105,0.6632677,0.41301525,1.141255,0.76246417,0.13165952,0.1411482,1.1067896,0.8497631,-1.2055457,0.3405459
106,1.0514321,1.1516573,-1.9521638,0.4989069,-1.5234442,0.64496315,-1.9027817,-0.78575134,2.3292935,-0.6735833
107,-0.69917405,-0.97123396,-0.2971141,0.2545901,0.34662247,-0.43989044,-0.2959187,-0.09819915,-0.8051747,-1.3025277
108,-0.8550597,0.04125757,-0.18865395,-0.7778703,-0.8045976,0.28718346,-0.184856,-0.47971785,-1.0864744,0.00051045534
109,0.35478196,0.56989825,0.72795093,0.1266742,0.6415534,-0.5091874,0.7156676,0.1537277,-1.1311853,0.9599243
110,0.9778657,0.3703652,-0.8419909,0.9636358,-0.43671536,0.5779406,-0.8313844,-0.80741715,1.0689815,-0.5311469
111,0.15568224,-0.18303406,1.608673,0.64141417,1.2073112,-0.3069857,1.5573945,0.8224016,0.09538292,1.2664521
112,0.9533813,0.56259346,0.35440528,-0.19641197,-0.26839888,0.27958095,0.34921932,0.83887637,0.8418083,1.2161958
113,0.17438683,-0.13258596,-0.2621381,0.43063352,0.19008492,-0.4193341,-0.30128893,-0.10568752,-0.058279827,-0.42651558
114,-0.3192817,-0.8423072,-0.87159777,-0.6089641,-0.81746095,-0.16867217,-0.8828807,-1.8964686,-0.16696471,-0.075829595
115,1.1983902,0.41923362,-1.5197961,0.94890434,-0.35739207,1.3247794,-1.4058827,-0.2623107,0.7887336,-0.26646334
116,-0.39981776,-0.10455079,-0.56163406,-0.36238834,0.3739189,-1.2538062,-0.60292923,-0.30436498,0.33142793,-1.0689816
117,-0.18394502,-0.5071801,-1.6952641,-0.75599134,-0.7975028,-0.010291006,-1.7103827,-0.6351529,-0.1632745,-0.6270808
118,-0.05173801,-0.21059762,0.64051294,-0.7213168,2.7531078,0.8377893,0.61869407,-0.3386185,0.49097842,-0.5574136
119,-0.69610405,-1.0876865,-2.2386336,-0.16490594,-1.6915388,0.24572368,-2.1886094,-0.8618388,0.8932564,-1.6339059
120,1.0595282,0.38674748,0.5410429,1.0393701,0.28836697,0.623964,0.5345174,0.48706007,-0.0005490373,0.8340876
121,0.10281858,-0.023276504,-0.06243573,0.23105715,-1.1158507,1.2991514,-0.0950975,0.6334636,0.909762,0.030800408
122,-0.5399748,-0.9709317,0.42793113,-1.039925,-0.13029698,-1.2991629,0.37496725,-0.65344435,-0.53518397,0.84107983
123,-0.05854352,-0.34507513,0.016063195,0.5458909,-0.24385884,0.7385407,-0.029894862,0.13577776,0.36652577,-1.4814875
124,-0.41494745,-0.9335573,-1.4560244,-1.2050216,0.11655409,-1.493817,-1.461405,-0.7207836,-1.0651734,-1.0487272
125,-2.030929,-1.8174447,-2.290563,-2.0024793,-0.18027288,-2.037901,-2.2658734,-1.6034957,-1.0109118,-0.57499063
126,1.1513363,1.1944249,0.05209928,-0.36795473,0.39846677,0.849906,0.061758623,0.51495826,0.5243403,0.3540526
127,-1.6995497,-1.3114412,0.890283,-0.35037374,2.8164074,-1.4966624,0.8653896,0.07310362,-1.4587678,0.081476554
128,0.54447687,0.54004383,-1.1819317,0.80129427,-1.2828288,-0.7915572,-1.1281863,-0.49897417,1.2402463,-0.86964226
129,-0.25692424,-0.77275693,-0.11072683,-0.6993013,1.8553333,0.38184845,-0.16134286,-0.34579986,-1.0643444,0.19881558
130,1.3226312,1.5490367,1.6175872,2.583738,1.2838311,1.813002,1.6099664,1.3653275,0.452327,0.5150639
131,2.5529876,1.5281374,0.97206664,2.0389986,2.9304907,1.9786355,0.9505742,2.4454572,0.83532196,0.35753584
132,1.5491399,1.4115708,0.7185835,2.2868788,-0.88313496,1.0950756,0.65333235,2.055711,1.6974157,0.17868805
133,0.3040033,1.1210147,-1.155333,1.749495,-0.5399679,0.45079136,-1.1715764,-0.956795,0.3793409,-1.5160322
134,-0.96450746,-1.9988933,-0.06076592,-0.7121755,1.6444085,-0.73972315,-0.1352439,-0.39377385,0.069065824,0.2653918
135,-0.6612026,-0.14424743,-1.6609833,0.27704006,-1.2817457,0.9475213,-1.6479855,0.32086122,0.49302933,-0.2333768
136,0.47871524,-0.49954522,-0.33458334,-0.0769638,0.84917045,0.39714265,-0.3193463,0.003951677,0.7770796,0.6125243
137,-0.11604656,-0.46803024,0.22121942,-1.0347846,0.6908941,-0.27629048,0.2204839,-0.29956862,-1.6464698,0.82331896
138,1.5977467,0.21967092,0.66935086,1.6799645,0.19027594,0.46317267,0.6306221,-0.037359625,0.8217009,1.5249077
139,-0.085204974,-0.74512625,0.24029079,0.31521863,2.0412664,-1.24851,0.2535196,-0.27106538,-1.5485792,-0.54514617
140,-1.1246915,-0.32863286,0.840281,-0.8874725,-0.09569486,0.5459671,0.79764557,0.8076397,0.4660219,-0.22043943
141,0.3314114,0.40510842,-1.086674,0.06792313,-0.34002185,-0.85378814,-1.0354762,-0.60120726,-0.7237973,-1.3422148
142,-1.2277795,-0.6800641,-1.9321971,-0.77657104,-0.92563754,-0.29413718,-1.8652909,0.015407524,0.69616145,-0.9597579
143,1.1150994,0.955045,0.68405926,0.89152217,-0.937304,0.33530992,0.6332443,1.0705407,0.82865834,1.1554043
144,-0.083252534,-0.25308293,-0.17178588,0.11796187,0.4865289,0.23976874,-0.17395647,1.0821407,-0.26827765,-0.55859244
145,0.83719176,1.2632239,0.9402175,0.67428654,0.04011942,1.3729908,0.9465048,0.665753,1.8565755,2.288056
146,0.002154548,0.9236812,0.032891847,0.31182772,-0.5982991,1.8660868,0.03598191,0.22806951,0.42787778,-0.3785618
147,0.2290502,0.5272038,0.09208594,-0.39669994,-0.3759647,0.12967047,0.08732447,-1.176821,-0.0058944244,0.22316559
148,1.3485785,1.246931,-0.1976305,1.3924617,-0.104736365,1.2894521,-0.19542176,1.4360265,0.81754947,0.43491513
149,-1.5705056,-1.372551,-1.6600914,-1.3151183,0.03720186,-2.1434984,-1.6423348,-1.8149701,-0.004052896,-0.22928819
150,1.7506633,1.4210775,-0.27556694,-0.054517504,-0.48880467,1.1114836,-0.26276705,0.21823373,1.1213338,-0.41086736
151,-1.2275056,-0.5097611,0.18276575,-1.292625,0.5865875,-1.5481286,0.18059376,-1.165935,-0.40262708,0.3644966
152,-1.0881667,0.22438678,-0.09174694,-0.874245,-0.21804734,-0.01787583,-0.09076062,-0.6738994,-1.284987,-1.0627819
153,-0.03862009,0.42669767,-0.68980837,-0.67713785,-0.45681745,-0.0603424,-0.7396289,-0.92307067,-0.69785905,0.8550096
154,1.9633509,0.67828614,0.5740831,0.97269154,-0.31368148,1.5544415,0.5786561,1.9687375,2.2998466,0.50008965
155,1.1941726,0.36502302,0.65863526,0.37779766,-0.82214415,0.34028897,0.637529,1.5469394,0.3427249,0.6676697
156,1.1717772,0.5455116,-0.53413975,0.84258145,-1.3302832,0.08812347,-0.53721523,0.6020967,1.6660239,0.8379175
157,0.21803123,-0.06858502,0.06582311,0.23340774,0.47228295,-0.7164999,0.046342194,0.49848402,0.3495135,1.2118113
158,-0.6861645,-0.7764036,-0.10861106,-0.18619838,-0.0056135654,-0.7985903,-0.13118123,-0.41200215,0.63964635,0.007003164
159,-0.1284507,-0.6254121,-0.6591696,-0.23116173,0.6585406,0.26236412,-0.6597953,0.3101565,-0.1172182,-0.018390775
160,1.9297179,0.06189236,0.42033625,-0.43729812,-1.3589025,0.45151126,0.41368353,-0.55197656,-1.0564091,-0.5234106
161,0.4641633,-0.14149703,-1.6983229,-0.028832981,-0.41403356,-0.07593982,-1.6391567,-0.8735124,1.1927309,-1.4875817
162,0.97821736,1.996204,0.5090668,0.6068047,-0.453223,1.190697,0.49460208,1.1754194,1.4946284,1.9962778
163,-0.55495596,-0.97565687,0.18191627,0.096069634,1.8625879,-1.5162891,0.17279276,0.7056477,-1.9847057,0.5579798
164,0.5653101,-0.2511415,-1.3460653,1.0312448,-0.23919526,-0.5686438,-1.4113582,0.8207436,-0.074061096,-1.297619
165,-0.6743344,-1.2112405,-1.1715916,-0.4334799,-0.3928513,0.002146266,-1.1656199,-1.097213,-0.79877484,-1.4146934
166,-1.2446759,-1.328402,-0.32106322,-1.2086022,0.11490624,-0.47899574,-0.31675127,-0.31453633,-0.31063816,-1.7604686
167,-0.29219085,-0.47078085,1.6420364,-0.037456483,2.5226822,-0.55470645,1.9649851,0.23158601,-1.5393522,0.19375935
168,0.058008865,-0.36018968,0.18319853,-0.9490025,-0.09956732,0.4279432,0.19677433,-0.6126516,-0.42775536,-0.10441545
169,0.15321693,0.10360851,-2.6008005,0.11283891,-0.69497323,-0.20478985,-2.5368533,-0.6054489,-0.16360053,-1.6114368
170,-0.4709372,1.2502686,0.6612658,0.86454654,-0.48228198,-0.32785708,0.66484594,0.5300548,-0.47113165,-0.5135409
171,-0.4046631,-0.3664691,-0.27839667,0.0061342884,-0.6856582,1.1791246,-0.2778098,-0.019514943,0.3525862,-0.805071
172,-0.15401901,-0.38781905,-0.37889564,0.5564981,-0.16383927,0.17973271,-0.40579554,-1.1677728,-1.2096796,-1.7126632
173,-1.1330701,-0.57427466,0.6215156,-0.6452091,1.430409,-1.0371298,0.60400414,0.6405652,-1.0855544,-0.340069
174,-0.6849656,0.5874518,1.4371608,1.0187026,2.3296351,0.11759671,1.3732804,-0.85730714,-1.2177303,0.8220941
175,-0.5054655,-0.84056365,1.03898,0.30440384,-0.65275794,0.12071514,1.0014747,-0.025561066,0.3646747,0.5549972
176,1.0112201,1.5781574,1.480149,1.1674677,2.4872139,1.2598078,1.4324065,1.5977567,1.088067,2.088659
177,0.20305406,0.40772152,-0.113607496,0.33191028,-0.39293373,-1.5149884,-0.119235605,0.23405126,-0.43383586,1.2403281
178,0.9911912,-0.12020117,0.6243092,0.9628068,-0.5357938,1.2008215,0.61085254,1.3095169,1.39856,0.8012694
179,-0.80304646,-0.9190067,0.83888334,-0.94244486,0.52905,-1.4127038,0.89534104,-0.6379783,-0.8117576,-0.29405794
180,0.096173525,0.41061276,0.23025237,0.6104286,-0.17617625,-0.6720666,0.2198838,0.10442018,-0.61358094,1.4947463
181,0.49220222,0.7829941,1.5478835,1.3356136,1.576158,1.0269263,1.4645152,1.0960202,0.63008696,-0.49057978
182,0.11541481,0.3590358,-1.1029778,-0.17108008,-0.12004616,-0.34936976,-1.0867912,0.114997774,0.017301723,0.16565484
183,0.63427097,0.8861657,1.0545034,0.92055005,-0.38825452,1.2653514,1.0429561,1.3620098,0.32914722,1.6892886
184,-0.9338213,0.033697017,1.615591,0.5190195,2.5787842,-0.57141244,1.6859906,1.5064678,0.4136798,0.35494956
185,1.8400552,1.3529611,-0.12035282,0.85433245,-1.0102733,0.11040296,-0.118947096,-0.01640198,-0.17975354,1.8886735
186,-0.28287208,-0.4824067,0.034067817,-0.6798847,0.1013034,0.544752,0.046822615,0.60332453,0.22681047,-0.2191459
187,0.75479156,0.31026307,1.3860397,1.1514097,-0.0014649685,0.5337961,1.3752639,1.6242449,0.22138393,1.1004581
188,-0.84121835,-0.18279181,-1.6536186,-1.253792,-0.39957213,-1.3847599,-1.5938895,-1.5726261,-0.17205921,-1.4053462
189,-1.3996999,-1.54166,-0.2021274,-1.4320937,-0.465006,-1.4462516,-0.20545074,-1.4358068,-1.1411117,-0.5370579
190,-1.4077512,-1.3197559,-2.1039088,-0.5745652,0.21125768,-1.2129228,-2.0757484,-1.8096479,-1.2447329,-0.5589683
191,0.92503864,-0.08252241,1.4667737,1.1854624,-1.47821,1.6299382,1.4376345,1.2939062,1.6562392,-0.4105048
192,2.8427463,1.1851913,1.6268392,0.4825931,2.9611316,0.5285542,1.7032079,2.4880824,1.1364448,2.1483736
193,-0.045091443,0.6780153,1.4918915,0.51459515,2.1600375,0.7317376,1.4870557,1.8577868,1.8339353,-0.26061308
194,1.0710392,0.08794346,0.2433683,-0.018893726,-0.14132214,0.29966325,0.23797329,-0.80773836,1.3156036,1.0242549
195,-0.10333571,-1.0481379,0.04078893,-0.7898181,1.4806024,-0.52865756,-0.010208259,0.04969875,-0.79613185,0.51770496
196,1.00491,0.90742457,1.612001,1.4725211,-0.7013278,1.4386933,1.602585,1.483114,0.39033678,0.43755373
197,-0.41412848,-0.3168562,-2.0800662,-1.0739186,0.16846696,-0.69204575,-2.1263385,-0.51209617,-1.2257302,-1.4956936
198,0.7948923,1.2490764,1.3296797,0.9859118,-0.44394678,0.9856246,1.3468742,1.6371243,0.72980046,1.980314
199,-2.072812,-1.5547895,-1.5844045,-1.3740307,-0.3785552,-1.6347933,-1.5223273,-1.5756105,-0.68041956,-0.31994385
200,-0.08308663,-0.085783996,0.35151112,-0.4352644,-0.5742036,-0.21331704,0.3545125,0.42270517,-0.5613327,0.61369765
201,-1.6530716,-1.0961162,-1.9809718,-1.8390336,-0.43793887,-1.9845121,-1.8565624,-1.5185055,-0.21948381,-1.6050162
202,1.6981738,0.73384035,0.5965723,0.6434423,-1.175194,2.4743338,0.55488175,0.7023746,1.855709,2.4013026
203,1.2335956,1.5368533,-0.007939101,0.773803,-0.22683147,0.29390228,-0.02212886,0.8888387,0.9003351,1.7223489
204,2.8411188,2.5791216,1.5030379,0.54323447,0.9483981,1.1218517,1.530328,0.6624891,-0.2887642,0.2656917
205,-1.3889681,-1.7813618,0.26573277,-1.3999696,0.8796388,-0.53992355,0.25973827,-1.7740996,-0.9367253,0.282782
206,1.9550583,0.89228725,1.1494931,1.5075485,-0.49054915,0.66190195,1.0982771,1.0101736,0.5007247,2.064885
207,1.4905887,0.7495828,0.09529443,0.9606861,-0.101758376,0.13597587,0.07928981,1.9707559,-0.321317,1.8367661
208,0.93841827,1.6054543,0.647053,1.2567645,-0.39269263,1.8398783,0.6404947,1.5750206,0.92583793,-0.7217518
209,-1.3381197,-0.9570436,-0.54412836,-1.5461147,0.03950356,-0.40544668,-0.5238737,-0.58870226,-1.0943842,0.588063
210,-0.8447114,-1.1605055,0.5254028,0.9374899,1.7366693,-0.26125187,0.48437008,0.7834579,-0.8506727,0.59849715
211,0.3111984,0.45447063,-0.6025367,0.52507246,-0.40313533,0.40190917,-0.6143518,0.2696194,1.2121227,0.69930184
212,-0.24591723,-0.3175521,0.3094421,0.08929257,-0.77739495,-1.1382239,0.30372676,0.2080355,-0.56023085,-0.7740172
213,-0.79150045,-0.40154368,1.2668676,-1.1017678,2.305264,-0.66566694,1.2475708,0.9163409,-0.7761804,-1.1624432
214,0.110389315,-0.00053900393,1.2041273,0.289445,1.2458302,-0.20910905,1.1396865,-0.26583287,0.027556267,-0.116245784
215,-0.19146448,-0.005294122,-0.485905,-0.121399626,-0.070142694,-0.31177688,-0.46860367,-0.8911024,1.1205842,1.1486086
216,0.7503767,2.3150375,1.6306859,1.8689561,2.0167174,1.7032952,1.6954225,1.756107,1.289326,-0.3026274
217,1.675689,2.1450686,1.644943,0.68244255,2.2732837,1.2743001,2.2045608,1.2286835,1.7265383,0.70799005
218,0.22029765,-0.51440024,0.7334577,-0.508627,1.0186874,0.26228696,0.7068511,1.6200197,0.03622803,-0.6001203
219,-1.6223956,-2.28442,-0.91080326,-1.7405621,-0.47164866,-2.096289,-0.93660283,-1.5068598,-1.1937348,0.1547778
220,1.4776843,1.520246,0.700927,-0.55895716,-0.8407019,1.717194,0.7090442,0.2418811,1.2621197,-1.2490697
221,-0.5333532,-0.45423108,-0.901287,-0.40882075,-0.2708477,0.13919441,-0.90418226,-0.8559716,1.3667946,-0.95353806
222,-0.5880756,-1.7652876,0.91297805,-0.3109862,1.1342218,0.16624367,0.86995757,0.24675009,-0.07157268,0.37458843
223,0.5880461,-0.5021323,0.6290246,0.10666125,1.5473558,0.2590933,0.6115434,0.203369,0.08021635,0.6278056
224,0.39285862,-0.086288005,0.8517856,0.65742856,2.247788,0.6374642,0.86808383,0.762872,1.140022,1.0763508
225,-1.3621283,-0.094463676,0.5078771,-0.83115995,-0.39523256,-0.26785728,0.51174426,0.4747458,0.12714258,-0.4478738
226,-0.071600035,-1.071696,0.940006,-0.192844,-0.39243752,-0.935817,0.9336709,-1.4216437,-0.8698592,-1.5899193
227,1.6831361,0.87815654,0.51403654,1.0271074,1.7624595,1.4081223,0.50703835,1.0344743,0.41596833,-0.86215925
228,0.048574585,-0.7818669,0.846889,-0.621237,-0.8591851,-0.69219047,0.83164084,0.25837338,-0.55540097,-0.32733214
229,-0.69902134,-0.39545542,0.2123271,-1.1009357,-0.89256275,-0.1505056,0.20078,-1.6078998,-0.7097926,-0.09890737
230,0.46038592,0.29003003,1.2056506,0.31319466,-1.1243422,0.10377121,1.1453117,1.39874,-0.5669488,-0.9591545
231,-0.16261023,0.38611346,-2.0679054,-0.789789,-1.3711514,0.21611157,-1.9546515,-0.59129614,-1.1139835,-1.6027443
232,-0.2319018,-0.29373592,-1.7590766,-0.4901293,-0.9919049,-0.46680027,-1.7221283,-0.56921995,-0.6136348,-1.0960276
233,1.1699877,1.8690121,0.6754314,1.5295594,-0.6449074,0.7954402,0.6770147,1.1939378,1.0863278,0.8486631
234,-1.4957992,-0.3711603,-1.8485932,-1.8609257,0.44799963,-1.457911,-1.8648424,-1.1863487,-0.3870474,-1.545517
235,-1.0836103,-1.9095414,-1.0109794,-1.0354633,0.90128267,-1.5598066,-1.0022037,-0.7229414,-1.5731431,0.08130887
236,0.56947196,0.61180985,-0.85439396,1.5169468,0.3198607,1.7044787,-0.8523849,0.925501,1.4570675,-0.57258624
237,0.058510065,-0.37303364,0.7471676,0.9023435,0.32357287,0.31685495,0.7458389,-0.02957653,0.024320696,-0.057380952
238,1.5077289,1.070955,1.496805,2.338242,0.7559327,0.9766611,1.4761496,1.3387008,1.5346125,2.1050458
239,-0.3943374,-0.8518857,-1.3628647,0.1975989,-0.42151192,-1.3659996,-1.3499875,-1.1164348,-1.0466098,-0.97876805
240,1.9645973,2.0947819,0.9972553,1.7519567,-0.62555385,1.139972,0.8991989,1.4634116,1.0611019,-0.20907232
241,-0.80163133,0.30270514,-1.6259067,0.7114028,-0.98244834,-0.69916403,-1.6102645,0.040409654,0.025819484,0.2041683
242,-1.1960294,-0.26443797,0.2369917,0.20998365,-0.3347711,0.31941104,0.23716795,-0.42125678,0.010808288,-0.49386916
243,-0.6700332,1.0018632,0.23886353,-0.0077255834,0.2685446,0.13688847,0.19830462,0.5394473,0.2076245,-0.8800141
244,1.1855261,1.1226864,0.42612714,0.7112141,-0.21082595,0.46961075,0.42356145,0.6572813,0.60974485,-0.25252968
245,1.3747323,0.8001907,0.26691115,0.95843625,-1.3505503,0.81183094,0.26345032,0.70312,1.9834179,0.9784652
246,-1.1440278,-0.56009805,-1.463856,-0.25558603,-0.99528265,-0.53949255,-1.470295,-1.2292291,-0.51569223,-1.6240997
247,0.42559984,-0.5353842,1.2601724,-0.24342197,0.19481137,0.027934574,1.2411077,1.2857163,-0.5599699,1.1579775
248,-0.523242,-0.78441447,0.46645236,-0.99039257,0.17402688,0.06986925,0.4290039,-0.31862056,-0.43758917,1.0540661
249,0.93796825,1.9468855,0.6563845,0.68747467,-0.38554516,0.40323597,0.6602168,-0.37267852,1.1738054,1.8518639
250,0.88526076,1.9107063,0.6532251,2.1308327,-0.4963487,0.3351053,0.60483456,1.2498329,-0.065823674,1.9352012
251,-1.4960641,-2.2015376,0.07262572,-1.2696859,-0.24928871,-1.8598454,0.034704097,-0.8053369,-0.41911748,-0.10672781
252,-1.1118369,-0.004725514,0.16791356,-0.16474523,0.3139035,-0.3758992,0.1680063,-1.2092931,-0.14621016,-0.72346216
253,2.2562346,2.4415698,0.53016555,1.801462,2.0089033,2.3868575,0.5143955,2.985303,1.8218863,0.7112256
254,0.08760759,-0.2525872,0.47324565,0.8656721,2.034562,0.46825182,0.467883,-0.8591323,-0.6229969,0.21936944
255,-1.4349096,-1.5922455,-0.883705,-1.1066657,-1.1444016,-0.55249006,-0.8581542,-1.9956454,-0.9777882,0.22092283
256,0.6544173,0.5303186,1.3009446,0.20635438,0.45184547,1.2869917,1.3279605,-0.07266104,1.0105755,-0.80971384
257,1.6857443,1.4115613,1.294003,2.5556297,-0.047810152,1.1281395,1.3128805,1.365315,1.843264,2.5509343
258,1.3474681,0.96585906,0.51103735,1.7856302,-0.40773392,0.7613835,0.53327125,1.3819864,0.83182883,0.6489744
259,0.7464983,0.38284928,0.29847673,1.1006348,0.13534859,-0.048235103,0.29096028,0.2446115,0.3245983,-0.76215595
260,-1.4148126,-0.5579877,-1.5374575,0.26472634,-0.51051015,-0.39287382,-1.5375872,-0.42520013,-0.19639342,-1.4748999
261,-0.041828714,1.3871455,1.4743723,-0.040168412,1.467447,2.2306058,1.5356238,1.5567333,1.7198148,-1.2134959
262,-0.7192026,-0.8125999,-0.78769255,0.20680055,0.6036942,0.81120884,-0.7889228,-0.62788093,0.3751225,-0.9992686
263,-0.25475284,0.935496,0.85427177,1.4556364,-0.9282824,0.5511254,0.7502506,2.9186656,-0.19838332,0.7872311
264,-1.851715,-0.38034937,-0.500017,-0.45231935,-0.6568085,-0.6539227,-0.50698125,-0.7890601,0.2500269,-1.4108069
265,0.06443777,0.6838695,1.177501,-0.48705244,1.7456019,-0.4123025,1.1468658,0.6579282,-0.41208872,-0.061529785
266,1.3825649,1.2626625,1.1756349,1.3474345,2.3345754,1.359328,1.154669,1.5814245,1.2536502,-0.0066412985
267,0.70551044,0.73535466,0.7688552,1.1576062,0.6096564,1.5158048,0.76876754,0.5866233,1.174998,-0.1422573
268,-1.7944866,-1.0160687,-0.5045116,-1.3338001,-0.3927969,-1.6836089,-0.5191998,-0.45036972,-1.1779528,-0.33695728
269,0.2678793,-0.1864307,0.6711483,-0.04841452,1.3721938,0.9861582,0.627082,0.74116194,-0.34439927,0.8646622
270,-0.7589949,-0.3130903,0.5768852,-1.0231817,2.1364083,-0.25610563,0.5603596,0.03163689,0.40686405,0.61691535
271,0.18582518,-0.3314939,-0.4831322,0.54109526,0.57993233,0.4767179,-0.4983723,1.5350093,-0.028956797,-0.2502661
272,0.37128147,0.3099577,0.5432992,1.2995191,-1.6600132,-0.571695,0.5236409,0.14853115,0.25061238,0.005310254
273,1.4577701,0.829957,1.21545,1.4711964,0.35252628,1.2452669,1.1530058,0.9262676,-0.09175594,2.54789
274,1.1328673,1.5183027,1.1941602,1.7131853,-0.71303153,0.15512118,1.1845502,0.08348545,0.19115108,1.4835252
275,0.21895519,0.2974118,0.40717372,1.2697928,1.5100355,1.1066763,0.4422661,0.4973297,1.1448467,-0.4237376
276,1.0065848,1.1832973,1.6378146,0.90662307,0.16310006,0.57030725,2.2414522,1.8005929,-0.18019882,1.6397227
277,0.82814735,0.60395753,-0.92814016,0.96184033,-0.8196515,-1.057194,-0.9197154,-0.35812375,0.07435926,0.45024705
278,-2.1680062,-1.6856103,-1.9257516,-1.1866405,-1.1324072,-0.09555671,-1.9222564,-1.8606075,-0.3549454,-1.6233158
279,1.69594,0.9489511,0.50312215,1.478955,-0.4389707,0.8312351,0.52147657,1.561581,1.3355618,0.42093068
280,1.319616,0.5341084,0.5132036,1.6772286,0.45645016,1.0083122,0.5161121,0.09083682,1.7520232,0.6601329
281,-0.2328898,0.20821941,-2.183867,-0.55329025,-0.14784431,-0.08032542,-2.2317324,-1.4070596,1.6530563,-0.8428811
282,-0.12618545,0.34349737,-1.4564211,-0.29029477,-0.55322427,0.67899597,-1.3973737,-0.49625254,1.3329713,-1.3327534
283,-0.22424388,-0.13661572,-0.027366735,0.0059795,0.081750184,0.7943634,-0.012729244,-1.0363512,-1.5688376,-0.04900434
284,-0.8530923,-1.5022118,-0.2084859,-1.5255698,0.037957147,-1.634109,-0.21287183,-1.1937264,-1.0284127,0.055242445
285,0.3781417,0.18779561,-0.9585166,1.5973027,0.30130923,0.69571406,-0.9463538,0.49981198,0.2362952,-1.2637064
286,-1.2738228,-1.4373349,-1.3480325,-1.7275208,-1.6708841,-1.8200729,-1.3112129,-0.7183902,-1.7250351,-0.58356595
287,0.26237592,-0.27967244,-2.121242,0.6027236,-1.3733666,-0.5591805,-2.0427992,-0.7176898,1.6979032,-1.1765201
288,2.1874785,2.6183949,0.73253703,2.7604508,1.9877766,1.6156913,0.6977405,1.7390621,1.4807298,0.9570756
289,-1.3102345,-1.1560024,-1.7506624,-1.2097523,0.2260674,-1.0704615,-1.7682548,-1.2140795,0.037634335,-1.3276546
290,-1.3752717,-1.5666867,-0.6065768,-0.8678003,-0.3043335,-0.8840231,-0.5669819,-1.044764,-0.78988326,0.53656435
291,-0.8985368,0.12760992,0.11539692,0.037440047,-0.8422749,-0.35586867,0.10557031,-0.46220243,-1.8538843,0.9714749
292,0.93158644,0.059457727,0.15569425,-0.21278536,0.7071153,-0.20349592,0.14208865,1.3778241,0.0926391,1.4404414
293,-0.7335715,0.22451293,-0.24824731,-1.1229484,0.050559573,-0.9866555,-0.22835857,-0.22830233,-0.48950315,0.29130125
294,1.1420449,0.7526319,-0.24663857,1.167025,-0.04898277,1.0932422,-0.23728216,0.31335366,1.5676551,-0.05906377
295,-1.46912,-0.36673844,-1.5903056,-0.7303715,-0.99682283,-1.6627004,-1.5568566,-1.1350193,-0.73161256,-1.351615
296,-1.5675914,-1.3935659,-1.0973287,-1.8074346,-0.47911894,0.26466948,-1.0866982,-1.6461697,-0.61697185,0.06702366
297,-0.9409127,0.0061397194,-1.0798602,-0.25900728,0.121364884,-0.48491344,-1.09671,-0.96966714,-0.3707404,0.18177933
298,0.31248984,-0.047623023,-1.2979223,-0.94647783,-0.36679208,0.08392414,-1.2824891,-0.16100833,0.9422202,-1.2258811
299,0.76537794,0.014406759,1.3296721,0.86475515,2.3639548,0.29368603,1.2684019,0.6283916,-0.4996683,0.4035009
300,-0.9244356,-1.4692235,-0.97237575,-1.5366048,-0.9622368,-1.5811996,-0.9517137,-0.22090583,-1.372198,-0.51938176
301,0.50673515,0.54943204,-1.5626199,0.4128578,-0.7288846,1.430904,-1.6468344,-0.0057419995,0.5229814,-1.3453052
302,1.02283,1.4516354,1.6063327,0.52192783,1.9023716,0.69281054,1.6764925,0.424466,0.29877806,1.0219826
303,-0.27093047,-0.38094723,0.6597324,-0.15105587,1.9155998,-0.1792453,0.63927746,0.0686017,-0.5275276,0.53902906
304,0.48514214,1.1960421,0.42847323,-0.44427705,0.150672,0.82974464,0.42427754,0.752107,0.53086865,0.6093155
305,0.4476285,0.71133816,0.92729014,1.1946746,2.1351218,0.848188,0.9052762,0.89260906,1.2595596,-1.095409
306,0.41510049,-0.55246556,0.84940326,0.8030739,-1.4409118,-0.060828023,0.8289273,0.37630862,-1.0840869,0.873869
307,-0.27019572,-1.4339883,0.76885587,-0.74928784,1.3568789,-0.2862111,0.785983,0.4032997,0.60480356,0.84663546
308,1.1634067,1.9948665,0.7584552,0.4431472,-0.1475968,1.2476287,0.7329901,1.7154493,1.0309525,-0.25031775
309,0.06273405,0.99346197,1.4162118,-0.31490302,-0.9606451,-0.6322061,1.3691906,0.46943066,-0.75149167,2.3449152
310,-0.069083035,0.7003075,-0.68611896,-0.6074469,-0.10803961,0.44949734,-0.68501747,0.5827469,-0.104432836,-1.179335
311,0.7838275,-0.8026058,0.6605226,0.6073359,-0.08542451,0.99482787,0.68604505,-0.3622431,0.16149482,-0.35326174
312,0.13270363,-0.96493167,-1.312149,0.15244024,-0.58835715,-0.007378151,-1.2701404,-0.84472764,-0.6636238,0.10853843
313,0.07454976,-0.32395416,-1.7761278,-0.5375174,-1.0585053,-0.5170518,-1.8341379,-0.82897663,-0.6683384,-1.4905734
314,0.9898637,-0.7061627,-0.20321909,1.3905903,0.35005936,-0.37276164,-0.20093271,0.0779385,0.77806556,0.86142254
315,0.12481135,0.46174654,-1.8523018,-0.32490605,-0.35892272,0.44439638,-1.8171284,0.78608763,1.5769944,-0.50255597
316,-1.8964803,-1.2467227,-0.6103305,-1.0599178,-0.92193675,-0.88719785,-0.62230957,-0.7378646,-0.5258219,-1.1826253
317,-1.2601011,-0.8386568,-1.8789656,-0.9308957,-0.054870013,-1.8238195,-1.8934907,-1.6011143,-1.714953,-0.89126223
318,-0.23068506,-1.1993599,-1.250152,-0.5026111,-0.8812481,-0.66830236,-1.1752075,0.36746636,0.9636465,-0.026785716
319,-0.5471492,0.10026719,0.15594509,0.69146425,-0.61174357,-0.50879246,0.1530236,0.7405089,-0.4063448,-0.29003695
320,-0.71520704,-1.3827863,-0.30234027,-1.213702,0.35009697,-0.9702154,-0.30828744,-0.4397704,-1.2298555,-0.022484725
321,0.79242265,0.6036531,0.81502044,-0.4471901,0.98960584,0.28362924,0.8205458,0.09235546,-0.336005,0.7599936
322,0.99305034,2.5200782,0.4228124,1.1744311,0.11043854,1.1876493,0.44675797,1.0946462,0.6739055,-0.505339
323,0.3683011,1.3407038,0.5732876,1.2658561,-0.30888855,0.06227029,0.5638001,0.79384553,0.7852137,1.5967753
324,1.2246172,0.5062542,0.93392503,1.6443701,-1.2735472,0.032632925,0.8933165,0.7911695,0.21736826,1.7463509
325,-0.96023387,-2.3797402,-0.006578457,-0.9000751,-0.31886923,-1.4656525,-0.010097953,-1.2736809,-1.2667396,0.27387553
326,-1.0946474,0.60732234,0.7737971,-0.9482449,-1.118837,-0.5767906,0.74150753,-0.5534544,-0.8938459,0.99363595
327,-0.55605066,-0.44782504,1.1317916,-0.2506874,-0.47453552,-1.1828119,1.0997674,0.7572446,-0.21182632,-0.56552565
328,-0.97155106,-1.095298,-0.49146497,-0.7507905,-0.089552,-1.0613595,-0.47562897,-0.11246352,-0.013859721,-0.6461795
329,-0.6059494,0.7768072,0.43399423,0.30589926,2.1616263,2.3315783,0.45083016,-0.0047724866,0.7818527,-0.3567864
330,0.20245275,-0.17132533,0.003602021,-0.20477408,-0.7918821,0.5472883,-0.027346067,-0.3163615,-0.76573986,-0.15181863
331,-0.3860978,-0.8433289,-0.98510695,-1.1158037,-0.30148244,-0.50843185,-0.9391513,-0.91657877,-0.5997556,-1.1548483
332,-0.7658875,-0.2508294,-0.722538,-0.3064574,0.31167823,-0.78513277,-0.69721234,-0.95249546,-0.43568313,0.039835453
333,-0.5953698,0.52106774,0.64889795,-0.7740865,2.4519775,-2.2709284,0.6091075,1.8196417,-0.94654036,-0.41255528
334,0.9212501,1.0727462,0.72116506,1.4650041,-0.09120794,0.09121181,0.70246893,0.19310634,0.34929347,-0.38850468
335,-0.8786509,0.068541124,0.8693332,-0.539353,2.1573594,-0.24451564,0.8394401,-0.37935615,-1.1740901,-1.459765
336,-0.13696373,0.49814942,-1.4003034,-0.8817625,-1.1732059,-0.4460228,-1.381067,-0.9819236,1.1096373,-1.2672039
337,1.5123253,1.0526936,1.4992583,1.344718,1.9669293,1.4671538,1.4698112,1.3350515,0.76266843,1.9423268
338,-1.4696696,-0.8191297,0.67078036,-0.63890433,-0.75895035,-0.86207604,0.6357251,-0.6948985,-0.19330919,0.22496271
339,-0.8193511,-0.27449328,-0.8579007,-0.6560438,0.46496522,-0.18154538,-0.8728023,0.017649863,0.8454684,-0.62190723
340,0.65603423,0.27411306,0.79729533,0.92102724,1.265741,0.65923965,0.78403425,0.39289218,0.052535802,0.2192148
341,0.32885236,-1.2972596,0.9538492,-0.4562339,1.9836545,-0.17482466,0.9578359,-0.5216467,-0.64633405,0.13867074
342,-1.5061308,-1.3757918,-2.638223,-0.6540905,-1.2197127,-1.1227366,-2.7043056,-2.015534,-1.127775,-2.0814497
343,1.6831977,-0.3736378,0.89233196,0.20982298,-0.7141945,0.97834444,0.84118015,-0.1490978,-0.6489512,1.2784878
344,-1.1512818,-1.668928,-1.3112987,-0.90611994,-1.0233121,1.4980006,-1.3515888,-0.8601649,-0.8212502,-1.5475562
345,-0.13037798,-0.12369243,-0.5350845,-0.5957703,0.05643237,0.48274565,-0.5784957,-0.83723795,-0.68136644,-0.24540597
346,-1.3605437,-1.6684248,-1.873335,-1.7869292,0.2626317,-2.4366012,-1.8194373,-1.8531315,-1.8384777,-1.7610916
347,-0.17060481,0.6953065,0.7462528,1.098611,0.17766184,0.07292925,0.7252164,0.8037243,0.43278027,-0.0018952516
348,0.4966222,0.3834562,-0.18467012,-0.64887214,1.0518787,0.25177753,-0.16269402,1.2652415,-0.17584094,-1.0211742
349,0.21405508,0.51327646,-1.8334852,-0.48070186,-0.62061507,-0.2768189,-1.8333036,-0.45118475,2.0285106,-1.288706
350,0.18310317,0.060331214,1.3232889,0.5387055,-1.2714015,0.7781996,1.3159355,1.2261541,0.33850175,1.3224025
351,0.12715071,0.45859814,-0.17541617,-0.3324542,-1.7273524,-0.60507905,-0.20647824,0.6578143,1.2081,-1.3454415
352,0.30481708,0.5208125,0.89264834,0.7277195,0.5120499,0.55037737,0.85095304,-0.42675486,0.9022489,0.9406681
353,0.53621435,0.95744604,0.11923009,1.0310764,0.6164293,1.92186,0.11502883,0.34897548,-0.20059896,1.5641193
354,-0.21724185,1.1773645,1.1697114,1.3000432,1.1125541,-0.19423084,1.0906993,1.4680716,-0.072091185,-0.9726833
355,0.86737406,-0.72187024,0.5729598,-0.18170395,-0.59632134,0.8521088,0.5230721,0.9325241,-0.6614682,1.1339214
356,0.817734,0.29316097,-2.1153903,0.47950247,-1.544117,0.74802494,-2.117265,-0.3299397,1.698128,0.7074723
357,0.37921292,0.3602721,0.5465708,0.7841375,-0.5249371,0.36245835,0.5221524,0.45350468,0.5750407,-0.24535559
358,-0.006464471,-0.19561175,0.4630314,-1.0525708,0.29743528,-0.34314507,0.46388704,-0.10259515,-0.07027635,-0.05653552
359,0.5965261,0.23380552,-0.08391321,0.102355465,-0.20264876,-0.15849616,-0.08090894,-0.5867493,-0.08394596,-0.3998497
360,1.060883,1.5311418,0.38358092,2.0044165,1.8107431,0.99350595,0.36702517,1.1734276,0.46086082,1.2552462
361,0.8280417,0.43018496,0.7836081,0.6125449,-0.20762005,0.5621056,0.7761841,1.231268,-0.5480728,1.4064729
362,-1.0334387,-1.4899733,0.60275143,-1.1445458,-0.5582706,-0.7990321,0.60714257,-0.17609075,-1.0707936,0.41752756
363,1.2339126,0.027335742,0.57834077,0.87144554,-0.44565886,0.9758847,0.5621567,-0.026505332,-0.1401905,-0.9612934
364,-0.7519972,1.6385865,1.3578022,-0.20578763,2.3422542,0.85437465,1.2878761,0.61562026,0.9930728,-0.06533107
365,1.3898119,1.1182497,0.16329375,1.3292769,-0.16573974,0.7985643,0.15395111,-0.03620473,1.5221827,1.303906
366,-0.4507103,-0.23357528,-0.1904075,-1.1752203,-0.63358283,-0.7509848,-0.2064717,-0.7793172,-0.4227682,-0.12249754
367,-0.86946595,-1.5998249,-1.2895685,-0.74341106,-0.32206655,0.20436484,-1.269206,-1.5436699,-0.73174775,-1.0215559
368,0.90791,0.49392426,0.043801717,1.0458977,-0.5737473,1.2744901,0.050665632,0.35495314,1.9687203,0.26318967
369,0.3572439,1.1709397,0.6376902,0.9729728,0.059673835,1.6015091,0.61924124,1.3050882,2.0255256,1.4685879
370,-0.16781129,-1.7064089,-0.31537175,-0.31318164,0.4839235,-0.9379282,-0.32226962,-0.3272466,-0.44944614,0.15125114
371,-2.0378933,-1.2468011,0.4720178,-1.0215937,-0.05381812,-1.6917546,0.53863347,-0.41329136,-0.9212972,-0.747093
372,-1.0194663,-1.2281125,0.7203486,-0.57693136,0.75058115,-0.6826112,0.7082472,-1.3704859,-0.73727477,-0.62675333
373,1.2119701,0.24342814,-1.2155848,1.7048883,-0.092768505,0.8440244,-1.1772339,-0.1584584,1.2666063,1.5462394
374,0.19967258,0.034837447,0.7941836,0.65725315,-0.34910423,0.96326923,0.7802088,0.33652234,0.09218224,1.8739636
375,-0.6756951,-1.3415482,-0.7661786,-1.7876475,-0.64136875,-1.5389931,-0.7694484,-1.713487,-1.7304385,-1.6654658
376,1.9967649,0.7219494,0.9841027,0.9012201,2.683506,-0.27944684,0.94780016,0.9345745,-1.2375684,1.0505216
377,-0.24971673,-0.20071317,-0.24198017,-0.41535902,-0.7801651,-0.2776974,-0.26177067,-0.4221615,-0.31753182,-0.5036087
378,0.5143812,-0.16642997,-0.14007258,0.5105182,-0.53570616,1.4043922,-0.12908761,-0.47249395,0.9038588,-1.1432042
379,-0.019004563,0.7383983,-1.1417735,1.6966159,-0.7866499,0.45575085,-1.1090893,-0.15883657,1.9519475,-0.9825326
380,-1.7098323,-2.0324419,-1.9372659,-2.3830795,-0.21157926,-1.5348556,-1.9671088,-2.0708654,-1.8113272,-1.5229263
381,-0.991542,-0.95694184,-1.2182534,-1.3493189,-0.8985491,-0.73838806,-1.2228359,-1.029211,-1.2901077,-0.48228014
382,-0.05529436,-0.59837425,-0.9420804,-0.4192875,-0.8668219,-0.030296963,-0.95998174,-0.98601085,-1.6956184,0.08175731
383,1.4999542,0.9929309,1.0485699,0.8517771,-1.728692,0.34679577,0.99013406,0.39049315,-0.20993388,2.1518583
384,0.9778938,0.9360096,0.24428147,-0.582528,2.0749686,1.0095872,0.25267613,0.6890271,0.5413298,-1.2479179
385,0.44913858,1.0640279,1.4399831,0.7118696,-0.31689703,0.93202055,1.4368672,1.7053308,1.2198104,1.0304135
386,1.0852487,0.6560476,-1.2520776,1.1101968,-0.55532813,0.87072563,-1.2584672,0.62581587,0.657904,-0.71932745
387,-0.10400925,-0.82214355,0.20979658,-0.10658063,-0.5505538,-0.7046146,0.20114228,-0.6855699,0.70882785,0.33558065
388,-0.23150337,-0.04549377,1.1866196,-0.15673503,1.886748,-0.33814955,1.1070035,0.46065694,-0.41579112,-0.35612923
389,-0.52805424,-0.796512,-0.9566747,-1.0690303,-0.1890009,0.42573324,-0.97675055,-0.62242424,0.16377106,-1.0039585
390,1.3315527,1.5120366,0.8540264,0.81353235,-0.39237732,0.89331394,0.8326436,1.5502101,1.1572034,-1.4618592
391,1.3483483,1.0168428,0.31546503,-0.35165763,-0.9504696,2.0572715,0.28678438,1.3376672,1.5875137,-0.44540906
392,1.8929098,0.434475,0.76489055,1.3574598,-0.7747191,1.2219136,0.7285441,0.8959539,0.68037426,1.5373155
393,0.5488968,0.47324955,-0.119570136,1.0470068,-0.47237474,0.9730224,-0.18026067,1.008078,0.72308993,-1.4789371
394,-1.8234289,-1.1960943,0.57133067,-1.1058906,-0.9561394,0.013696121,0.5776594,-1.1855528,-0.65591747,0.1873013
395,0.4880131,1.1749864,0.93788934,0.467956,0.63801277,1.9294853,0.92430884,0.6791295,0.9466748,0.3992682
396,-0.37517023,-0.5952899,-0.10311642,-0.5722414,-0.5177038,0.16107753,-0.094468534,-0.6267134,0.12958756,0.18137579
397,-1.0995978,-0.92132014,-1.3817885,-0.9505575,-1.1349187,-1.5951549,-1.3644755,-0.9950126,-1.7637355,-1.1419771
398,-0.14524966,-0.20113078,-2.9993503,-0.94360745,-0.32722068,-1.1388218,-2.9019294,-1.7981098,-0.17597398,-1.0031887
399,-1.2257128,-0.8104094,-0.49026912,-0.99946105,0.21968885,-0.47880846,-0.4806741,-0.71696043,-0.48199528,-1.9561119
400,-2.015908,-1.6571031,-2.0989513,-1.5662053,-0.06107808,-1.8807883,-2.083416,-1.4583004,-0.82431054,-0.14988488
401,-0.9792449,-1.699574,0.4062309,-0.2647326,1.8131719,-1.2839726,0.42281792,-0.022532202,-2.1609886,0.21319641
402,0.59977,1.4945645,0.9524375,0.74930894,1.1505308,-0.088430464,0.923248,2.091026,-0.12691092,0.362368
403,1.9836184,1.5050598,0.57497275,1.509218,1.0993328,1.7574033,0.5590018,0.90520424,0.93777835,2.3272815
404,0.45710862,0.47946358,0.6587435,0.18931857,-0.31876466,-0.60504735,0.668373,0.9904212,-0.64014393,0.23537317
405,-0.013136881,0.7117958,0.509269,0.81166875,-1.471399,0.30446386,0.5246824,0.0040787603,-0.4791273,-1.0936904
406,0.004598186,0.03231988,0.1692626,1.0664474,-1.1106234,0.28490806,0.16697472,0.10175617,0.15277128,-1.1550825
407,0.96201706,-0.21380228,-0.009715624,0.8588586,-0.5900258,-0.14030734,-0.01467189,-0.3458528,-0.24211904,-1.5221312
408,0.06266497,-0.7703178,0.7321308,-0.42267996,1.4218254,-0.84178805,0.7087816,1.6915023,-0.04315404,0.62967634
409,0.3483615,0.5971662,-1.2386851,-0.32789922,-0.60329115,0.80775106,-1.2708359,-0.3891803,0.22609672,-0.5191579
410,0.28501815,-0.35475028,0.053743787,0.12232214,-0.05957059,-0.12570691,0.04646355,-0.32004845,0.0908601,0.84378934
411,-1.6389346,-0.7101228,-0.5664181,-0.45767125,-0.6447186,-1.3870078,-0.5691923,-1.1978567,-0.79979694,-0.14326383
412,2.126081,1.2998811,0.84479624,1.6289214,-0.91794705,0.5379659,0.82267576,0.8003445,1.2025356,0.24867073
413,-1.5787201,-1.0883627,-0.71252155,-1.3642939,-0.3175801,-0.6983745,-0.6867402,-1.0388421,-1.6891514,-1.5111568
414,-0.34360206,-0.7005491,0.8208493,0.3130529,-0.46016777,-0.79391146,0.7988582,-1.2295003,-0.22796316,0.58156073
415,2.185814,2.0602999,1.605771,2.048306,-0.33574492,1.1064856,1.6737342,0.855404,1.9363239,0.5471718
416,-0.6747061,-1.1641119,0.1629613,-0.47267592,1.4514883,-1.1958268,0.21838701,-1.0042913,-0.6175909,0.50710654
417,1.0384562,0.5471444,-0.2864348,-0.3800401,2.1536527,0.5929049,-0.286084,0.43727672,0.07718307,-0.71453667
418,0.6025882,0.634821,-0.17570198,0.18641686,-0.5278743,0.2959605,-0.16443777,0.18630582,0.2758297,1.3548583
419,0.27473223,0.20150931,0.12226103,0.5271552,-0.68259096,-0.37727845,0.15205401,1.2244916,0.2160357,-0.50636494
420,2.3930757,1.0736325,1.0065012,-0.5611985,2.2190285,-0.17454353,0.9534305,0.7915898,-0.7432554,0.05351923
421,-1.2087404,-1.0773246,-1.2994785,-0.88205147,0.2238791,-1.1047863,-1.2839494,-1.0242665,-0.064646535,-0.10568806
422,-0.96459556,-1.1793871,-0.06559834,-0.63477206,1.2721405,0.32982296,-0.08898672,-0.19281887,-1.0470332,0.5656276
423,-0.4803968,0.08225505,1.3165348,0.5000373,0.3825978,0.009815024,1.2058718,1.8392279,-1.738569,1.7658976
424,-0.30047095,0.22716334,-0.049059607,0.3913523,-1.052196,-1.2165344,-0.07272114,0.24120402,-0.21570173,1.6587083
425,0.022733968,-0.4776165,0.005611421,0.14810963,-0.09839602,-0.11018033,-0.018328514,-0.7659173,-0.30487284,-0.4066024
426,0.4894598,1.7109424,1.5089014,0.19615057,1.8572454,0.36226732,1.458456,0.7059984,1.0391235,1.2406292
427,-0.009150983,0.4802174,0.49161094,0.17752895,-0.85001695,0.23693624,0.49536902,-0.5558808,-0.8253833,-1.7218006
428,0.8704972,-0.6632618,-1.7041497,0.44598702,-0.37751555,0.4856783,-1.7035583,-0.6575906,2.3079212,-0.0650139
429,0.58740234,0.31229287,-2.204935,-0.9450051,-0.5728835,-0.036359377,-2.1882603,-0.6372405,2.346325,-1.3612788
430,1.0803275,0.8869793,1.4092847,1.1819329,0.5824398,0.65681523,1.4096832,1.3415718,1.3804516,2.781011
431,-1.1505849,-1.025886,-0.37799186,-0.81526697,-0.09106222,-0.2415679,-0.37577546,-1.3024628,-1.0952928,-0.61765164
432,0.026840258,-0.15334778,0.82433254,0.20714457,1.3729355,0.69233,0.81241715,0.027023653,-0.7835291,-0.28272814
433,0.8669816,0.6322652,0.17514837,1.231732,0.17286423,-0.008710228,0.16793536,0.29224086,0.7718467,0.6365613
434,-0.80046606,-0.513528,-0.3181483,0.28614068,0.063581236,0.0698497,-0.326285,-0.40540394,-1.4056019,0.52752155
435,-0.16235198,0.5588223,0.94589555,-0.6105252,2.5699377,0.9086945,0.92021906,0.0593772,-2.043893,0.31282803
436,1.0340528,1.5992256,0.022364752,0.9081446,0.07234143,0.34713852,-0.010359746,0.9817188,1.5520725,-0.97499126
437,-0.9910849,-0.932314,0.31381023,-0.78747386,0.0738369,0.15646622,0.3023974,0.116322085,-0.2812935,-0.5631868
438,-1.1963301,-0.84275174,-1.6950382,-1.7905092,-1.147805,-0.7969786,-1.615334,-2.6844444,-1.678946,-0.524896
439,-0.16215663,-0.6866829,-1.1054255,-0.3328695,-0.44401646,-0.10388328,-1.0949068,-0.7350812,0.14020547,0.060613204
440,0.022679506,-0.15695293,-0.082006976,-0.110597186,-0.92542905,-0.53700155,-0.08144799,-0.53966916,0.38623434,-0.53447646
441,-1.7124777,-1.5542086,-2.101941,-1.469569,-0.25686124,-1.0961217,-2.0902932,-1.4826019,-0.6230574,-1.8914441
442,1.2314966,2.4612603,1.1539077,1.0411909,1.9106853,0.54054594,1.1284872,1.3893833,0.47816616,1.0374606
443,0.42260385,0.8407294,0.8864032,0.90764356,-0.39971086,0.7693568,0.84037364,1.0681518,0.4030893,1.7854748
444,-0.065099254,-0.6138097,-0.11588544,0.05743219,-0.66700757,0.25204617,-0.14776519,0.60198945,0.29287434,-0.5261202
445,0.3918064,1.8510264,1.137217,0.3663063,-0.21758546,-0.6313733,1.0896851,0.26129794,-0.31944603,-2.34923
446,0.38327205,0.10996501,0.63890827,-0.13981174,0.098340705,-0.8681661,0.60249496,0.5733285,-1.8120265,0.7985899
447,0.87381256,-0.30282745,1.6231292,-1.7187006,0.41779408,0.7231127,1.6840601,0.6545651,0.24357751,0.053985164
448,1.1152564,0.29267198,0.6582742,1.4376581,1.9458033,-0.4179276,0.6368662,1.4797586,0.1999519,0.92129636
449,0.78043044,0.316285,0.9835797,1.1296829,0.7722086,-1.090227,0.9524894,1.7508929,-0.72054034,1.0420065
450,0.08429615,1.2634606,0.031061918,0.7730768,-1.0516285,-0.075560175,0.032231934,1.3498461,-0.50022435,1.3784547
451,-1.3080268,-1.314769,-0.28460503,-1.7162458,-0.49185967,-0.9035011,-0.28242335,-1.1241391,-1.0998824,-0.8666055
452,0.35190785,0.6569145,-2.012473,-0.32664245,-0.77954024,0.083482414,-1.9861574,-0.37113035,-0.58921516,-0.6940651
453,1.5152383,1.4679599,1.0447615,1.185913,-1.7287996,1.2162333,1.0185534,1.313958,1.0786182,1.0847956
454,1.3529749,0.111517884,0.1635958,0.4528768,0.30842897,1.9691266,0.13531543,1.508638,0.029898513,-0.22462037
455,-1.9639149,-1.0559641,-1.2086182,-2.0565958,-0.16199806,-1.9046326,-1.2266328,-1.7345111,-1.1408036,-1.6149696
456,1.777415,1.3312759,1.5697618,0.78971785,-0.59015274,0.022386294,1.5564578,0.3450894,0.5347692,1.8704205
457,-0.25076866,-0.13421893,0.18483993,-0.06361936,1.283963,-0.46725196,0.18071693,-0.772843,-1.2107596,0.5545355
458,-0.34547198,0.3788582,0.73486185,-0.09506366,0.4478966,0.29397842,0.7076132,0.6958966,0.011947334,0.49559546
459,-0.5035516,0.12959072,-0.050443254,0.3475359,-0.20224991,-0.29687035,-0.03763121,0.1632781,1.2498629,0.03625298
460,-0.2012391,0.5074614,0.8628194,0.25117177,1.3839242,0.17082243,0.8148395,0.28708243,0.046212055,1.5205678
461,0.993246,0.3814255,0.8859483,0.4468677,-1.2268937,0.17594558,0.8681377,0.71714246,0.46117163,1.4325252
462,-1.1062219,-0.72308844,-1.5454874,0.09265575,0.3173713,-0.62266433,-1.6480874,-0.25181746,0.33668014,-0.78142196
463,-1.3068684,-1.8237648,-0.013207816,-0.7365595,0.17408407,-1.0392582,-0.01968529,-0.11574826,-0.025639214,0.5978734
464,0.73207724,-0.5456672,-1.0193282,-0.84614307,-0.36286736,-0.49468482,-0.97920644,-0.9085219,-1.0205196,-2.417041
465,0.8830747,0.8803736,0.39300683,0.48188555,-0.14112106,-0.312146,0.38134977,1.3012612,0.38932228,1.3710946
466,0.64676213,0.56283545,0.59749043,0.5066414,1.4817266,0.061258785,0.59887224,1.2201362,0.20023656,1.3830999
467,0.081795596,-0.5708945,1.0567102,-0.19974288,-0.6742574,0.13088596,0.9771871,1.499511,-0.15960765,-0.30533516
468,-1.5818577,-1.615911,-0.9861281,-0.9984863,-0.66268635,-1.3092303,-0.9839226,-0.91081834,-2.4059803,-0.18027714
469,0.26732808,0.2235304,-0.6557453,1.1076697,0.16076131,0.28814387,-0.66787493,-0.23599803,0.27474704,-0.93842053
470,-0.98545843,-1.0442526,-1.9335644,-0.546162,-1.2870376,-0.31489462,-1.8866748,-1.0866165,-0.8427949,-2.3024125
471,0.8054109,0.6340151,-0.25842065,0.30516464,-1.0768325,-0.5073178,-0.26109326,-0.0727035,0.31253767,-0.12984684
472,0.9295203,0.68849456,0.42482528,0.9318936,-0.7703643,-0.29282653,0.42516014,-0.31942767,-0.09582589,1.6373956
473,0.38477185,0.388775,-1.9048185,0.6958952,-0.19484317,-0.45567256,-1.8782163,-1.1484218,-0.21455431,-0.9499266
474,0.09331157,0.11740574,0.9263345,0.21919176,-0.43224213,-1.0814595,0.9519991,0.542568,-0.8567991,-0.7552711
475,-0.66356695,0.32346296,0.04634601,0.23457217,-1.6997924,0.7202923,0.03661854,-0.8513887,-0.7826691,-0.96647537
476,-0.9144136,0.058180977,-2.0501547,-1.0311222,-0.3931443,-1.0888877,-2.1051288,-1.608462,1.2244511,-1.2251256
477,-1.3450456,-0.98317575,0.44544247,-1.5297773,0.40200022,-0.42966637,0.41090578,-1.5922682,-1.1494215,-0.8230107
478,0.42144525,-0.6934905,0.42163828,0.17342211,-0.6525332,-0.888358,0.38903245,0.060647316,0.4988383,1.5517893
479,-1.5262921,-0.010103501,-0.09351274,-0.53612256,-1.5037544,0.30945057,-0.087455094,-0.60906374,0.2132746,-1.3296428
480,-1.3250544,-1.8720064,-1.4315616,-2.0575743,-0.8031068,-1.495307,-1.4218647,-2.4371097,-1.5123477,-0.019088116
481,0.8496367,1.0532451,1.2856637,0.8118061,1.4072515,1.3997629,1.2693017,0.81987715,0.9010599,0.72782457
482,-1.1589488,-1.4230305,0.66016316,-0.25978777,2.2066932,-2.3192744,0.6952843,0.7912426,-1.351563,0.11867432
483,1.0034695,1.0630043,0.40709418,0.005321825,-0.71124816,0.6580088,0.37380093,0.12025929,2.2473388,0.06786266
484,0.8641186,0.09458338,0.5111001,0.59629726,-1.073359,0.4203306,0.50093687,1.0203991,-0.2107499,-0.0159319
485,-0.5227441,-0.7969653,-1.2452915,-1.0342741,-0.72133195,-0.4584808,-1.2670155,-0.56476086,-0.9063034,-1.6478866
486,1.0752412,1.549767,1.2848868,1.4935684,-1.2358966,1.4251609,1.2930081,0.5099901,0.8941002,0.94974375
487,0.36462924,0.027455617,1.0029914,-0.16960426,-0.7406713,0.481125,1.0062776,1.4629861,0.07818867,-0.18207046
488,-1.0844413,-1.5392609,-1.0517217,-1.2471744,0.17582107,-1.1603906,-1.0500455,-1.8442335,-1.8222889,-1.2663794
489,-0.94779724,-1.0508928,-0.33947074,-0.20246354,-0.7821873,0.28034607,-0.33913565,-0.39940178,-1.4651623,-1.4803014
490,0.2666185,-0.40694773,0.09960976,0.8214283,0.106112614,0.46224993,0.19834474,-1.5898345,0.58739376,-0.049686853
491,1.5820819,0.9656148,0.12627451,1.2744708,-1.7290647,0.46108705,0.14668113,0.88003945,0.14940545,1.492543
492,0.087127104,-0.0028658812,0.0973849,-0.62206864,1.5824456,0.5338503,0.107599095,-0.5791943,-0.17942557,0.6302321
493,0.17617247,-0.55398124,1.0644848,-0.54939103,-1.288728,-1.0457704,1.0600107,0.5761181,-0.16625252,-0.32777733
494,0.83204246,0.35097098,-0.44760406,0.5998991,-0.44752872,1.238611,-0.41744554,0.4215482,0.6263734,0.35475457
495,0.17587227,-0.5689497,0.46528882,-1.2171681,1.4078815,0.038941704,0.4275726,0.2753147,-0.77936405,1.3251045
496,0.17835587,-0.91586274,1.1478372,-0.27716675,-0.2748061,-0.73527145,1.1341926,-0.6022052,-1.4340363,-0.48685092
497,-2.1786795,-1.3265743,-1.0980095,-2.3486626,-0.62739146,-2.4525945,-1.0407271,-1.8835278,-1.2618293,-1.3338473
498,1.9862889,2.1790986,0.28916734,1.1327059,0.0042700255,0.6535014,0.27176845,0.9949035,0.24887717,0.46166256
499,-0.14033109,0.7897415,1.6378684,-1.3713884,-0.9123694,0.17924014,2.0127697,0.5995729,0.17020826,1.2762094
500,-1.030475,-1.9298793,-1.9716686,-1.6495134,-0.024103796,-1.8255187,-1.9492803,-1.9420005,-2.4131668,-0.20820175
